NO,共通ID,都道府県名及び市町村名,施設・場所名,住所,指定緊急避難場所との住所同一,その他市町村長が必要と認める事項,受入対象者,緯度,経度,備考
35957,E2020100001111,長野県長野市,長野市立松ヶ丘小学校,長野県長野市安茂里小市2-20-1,1,,,36.626755713926,138.14337774222,
35958,E2020100002111,長野県長野市,安茂里体育館,長野県長野市安茂里小市3-27-11,1,,,36.622856961504,138.14265615627,
35959,E2020100003111,長野県長野市,長野市立下氷鉋小学校,長野県長野市稲里町下氷鉋50,1,,,36.600740094088,138.17705252191,
35960,E2020100004111,長野県長野市,長野市立広徳中学校,長野県長野市稲里町田牧1355-1,1,,,36.59256568,138.1720717,
35961,E2020100005111,長野県長野市,長野県長野南高等学校,長野県長野市稲里町田牧236-2,1,,,36.59871647,138.177849,
35962,E2020100006111,長野県長野市,長野市立北部中学校,長野県長野市屋敷田389,1,,,36.68208162,138.2126035,
35963,E2020100007111,長野県長野市,美里集会所,長野県長野市鬼無里10817-1,1,,,36.69444192,138.0083949,
35964,E2020100008111,長野県長野市,小鬼無里公民館,長野県長野市鬼無里11493-3,1,,,36.68956833,138.0070172,
35965,E2020100009111,長野県長野市,松原公民館,長野県長野市鬼無里12615,1,,,36.679319042749,137.99147012908,
35966,E2020100010111,長野県長野市,鬼無里公民館両京分館,長野県長野市鬼無里13994-1,1,,,36.68570229,137.9670519,
35967,E2020100011111,長野県長野市,東京公民館,長野県長野市鬼無里14163-1,1,,,36.68840059,137.966413,
35968,E2020100012111,長野県長野市,鬼無里屋内運動場,長野県長野市鬼無里147-8,1,,,36.67855443,138.004836,
35969,E2020100014111,長野県長野市,鬼無里老人福祉センター,長野県長野市鬼無里160-3,1,,,36.680520884045,138.00309110937,
35970,E2020100015111,長野県長野市,鬼無里高齢者生活福祉センター,長野県長野市鬼無里160-4,1,,,36.680279963301,138.00348807631,
35971,E2020100017111,長野県長野市,新倉地区公民館,長野県長野市鬼無里2309-1,1,,,36.68061688913,138.01357331505,
35972,E2020100018111,長野県長野市,東町公民館,長野県長野市鬼無里2940,1,,,36.68557343,138.0083933,
35973,E2020100019111,長野県長野市,町区公民館,長野県長野市鬼無里309-3,1,,,36.68210095,138.0036527,
35974,E2020100020111,長野県長野市,上新倉公民館,長野県長野市鬼無里3694-2,1,,,36.68498615,138.015366,
35975,E2020100021111,長野県長野市,大沢集会所,長野県長野市鬼無里4158-1,1,,,36.69693827,138.0221338,
35976,E2020100022111,長野県長野市,山大公民館,長野県長野市鬼無里4959-1,1,,,36.7020341,138.027489,
35977,E2020100023111,長野県長野市,峯地区公民館,長野県長野市鬼無里5925,1,,,36.71507329,138.036326,
35978,E2020100024111,長野県長野市,品沢高原体育館,長野県長野市鬼無里6770-17,1,,,36.73297417,138.0365473,
35979,E2020100025111,長野県長野市,上里健康スポーツセンター,長野県長野市鬼無里7395,1,,,36.71205069,138.0219912,
35980,E2020100026111,長野県長野市,鬼無里公民館上里分館,長野県長野市鬼無里7420-1,1,,,36.71219239,138.0224126,
35981,E2020100027111,長野県長野市,長野市立鬼無里小学校・鬼無里中学校,長野県長野市鬼無里77,1,,,36.678912482205,138.00475779254,
35982,E2020100030111,長野県長野市,財又公民館,長野県長野市鬼無里9294-1,1,,,36.70339562,138.0143057,
35983,E2020100028111,長野県長野市,坂屋公民館,長野県長野市鬼無里８６４３－イ,1,,,36.7076072,138.0187806,
35984,E2020100029111,長野県長野市,新井公民館,長野県長野市鬼無里８８２６－イ,1,,,36.706314059503,138.01865994687,
35985,E2020100031111,長野県長野市,裾花第一公民館,長野県長野市鬼無里日影10430-7,1,,,36.70616689,137.9565294,
35986,E2020100032111,長野県長野市,裾花第二公民館,長野県長野市鬼無里日影11023-3,1,,,36.7153729,137.9635506,
35987,E2020100033111,長野県長野市,鬼無里活性化センター,長野県長野市鬼無里日影2750-1,1,,,36.68018062,138.0015068,
35988,E2020100034111,長野県長野市,中区第一公民館,長野県長野市鬼無里日影3535-1,1,,,36.671864758479,137.9962884724,
35989,E2020100035111,長野県長野市,中区第二公民館,長野県長野市鬼無里日影4274,1,,,36.66992534,137.9935493,
35990,E2020100036111,長野県長野市,中区活性化センター,長野県長野市鬼無里日影4965-2,1,,,36.67324623,137.9921455,
35991,E2020100037111,長野県長野市,祖山集会場,長野県長野市鬼無里日影5046-1,1,,,36.67392482,137.9900553,
35992,E2020100038111,長野県長野市,共栄公民館,長野県長野市鬼無里日影5954-2,1,,,36.68086293,137.9827152,
35993,E2020100039111,長野県長野市,西京公民館,長野県長野市鬼無里日影6745-1,1,,,36.68592595,137.9640348,
35994,E2020100040111,長野県長野市,両京健康スポーツセンター,長野県長野市鬼無里日影6831,1,,,36.685683501606,137.96578309889,
35995,E2020100041111,長野県長野市,田之頭公民館,長野県長野市鬼無里日影8754-2,1,,,36.68738976,137.9417464,
35996,E2020100042111,長野県長野市,上平公民館,長野県長野市鬼無里日影891-5,1,,,36.673572807774,138.00692519047,
35997,E2020100045111,長野県長野市,長野市立吉田小学校,長野県長野市吉田3-12-12,1,,,36.66936777,138.2216355,
35998,E2020100046111,長野県長野市,長野運動公園,長野県長野市吉田5-1-19,1,,,36.66090267,138.231284,
35999,E2020100047111,長野県長野市,長野市立東部中学校,長野県長野市桐原2-8-1,1,,,36.664272264942,138.21855771394,
36000,E2020100048111,長野県長野市,長野県長野吉田高等学校戸隠分校,長野県長野市戸隠1491,1,,,36.72776278,138.0789174,
36001,E2020100049111,長野県長野市,戸隠交流促進施設（そばの里二番館）,長野県長野市戸隠1584,1,,,36.72748611,138.077,
36002,E2020100050111,長野県長野市,宝光社振興館,長野県長野市戸隠2174-1,1,,,36.72935949,138.0769066,
36003,E2020100051111,長野県長野市,戸隠中社公会堂,長野県長野市戸隠3422-1,1,,,36.7388369,138.0852177,
36004,E2020100052111,長野県長野市,越水生活センター,長野県長野市戸隠3648-2,1,,,36.75018601,138.0856121,
36005,E2020100053111,長野県長野市,上楠川文化センター,長野県長野市戸隠870-1,1,,,36.72655796,138.0655081,
36006,E2020100054111,長野県長野市,下祖山公民館,長野県長野市戸隠祖山1055-1,1,,,36.66898403,138.0884059,
36007,E2020100055111,長野県長野市,下内振興館,長野県長野市戸隠祖山1717-1,1,,,36.66907899,138.0916987,
36008,E2020100056111,長野県長野市,坪山ふれあいセンター,長野県長野市戸隠祖山2424-3,1,,,36.66280592,138.096638,
36009,E2020100058111,長野県長野市,ふるさとセンター,長野県長野市戸隠祖山31-1,1,,,36.671983778739,138.07797506529,
36010,E2020100059111,長野県長野市,上組公会堂,長野県長野市戸隠祖山5219-2,1,,,36.66556082,138.0619148,
36011,E2020100060111,長野県長野市,上祖山振興館,長野県長野市戸隠祖山5704-1,1,,,36.66736655,138.0578745,
36012,E2020100061111,長野県長野市,西部公会堂,長野県長野市戸隠祖山6999-2,1,,,36.67014461,138.0503763,
36013,E2020100062111,長野県長野市,今井公会堂,長野県長野市戸隠栃原1162,1,,,36.69483758,138.0672058,
36014,E2020100063111,長野県長野市,福平生活改善センター,長野県長野市戸隠栃原1912-4,1,,,36.68926501,138.0640566,
36015,E2020100065111,長野県長野市,倉平生活改善センター,長野県長野市戸隠栃原249-1,1,,,36.68491381,138.0767191,
36016,E2020100066111,長野県長野市,平多目的集会所,長野県長野市戸隠栃原2549-1,1,,,36.68679675,138.0690556,
36017,E2020100067111,長野県長野市,解藁神社（町組集会所）,長野県長野市戸隠栃原2710-1,1,,,36.68845278,138.0714509,
36018,E2020100068111,長野県長野市,清水集会所,長野県長野市戸隠栃原3103-2,1,,,36.68264369,138.0687154,
36019,E2020100070111,長野県長野市,志垣生活改善センター,長野県長野市戸隠栃原4144-2,1,,,36.67351577,138.0743339,
36020,E2020100071111,長野県長野市,戸隠体育館,長野県長野市戸隠栃原4788-2,1,,,36.67646743,138.0682019,
36021,E2020100072111,長野県長野市,長野市立戸隠公民館,長野県長野市戸隠栃原4789,1,,,36.67662228,138.0675456,
36022,E2020100073111,長野県長野市,五十土生活改善センター,長野県長野市戸隠栃原5276,1,,,36.68570145,138.0625339,
36023,E2020100074111,長野県長野市,笹原公会堂,長野県長野市戸隠栃原5983,1,,,36.68709884,138.0554293,
36024,E2020100075111,長野県長野市,田頭改善センター,長野県長野市戸隠栃原7084,1,,,36.68160647,138.0530239,
36025,E2020100076111,長野県長野市,西条公民館,長野県長野市戸隠栃原7532,1,,,36.68123034,138.0579907,
36026,E2020100077111,長野県長野市,追通生活改善センター,長野県長野市戸隠栃原8868-1,1,,,36.67455077,138.0533093,
36027,E2020100078111,長野県長野市,戸隠裾花デイサービスセンター,長野県長野市戸隠栃原9246-1,1,,,36.67218055,138.04815555,
36028,E2020100064111,長野県長野市,針立組集会所,長野県長野市戸隠栃原２０１９－ロ,1,,,36.69151388,138.06822777,
36029,E2020100079111,長野県長野市,中耕生活改善センター,長野県長野市戸隠豊岡10328-1,1,,,36.702178548006,138.10152372357,
36030,E2020100080111,長野県長野市,銚子口生活改善センター,長野県長野市戸隠豊岡10392-4,1,,,36.69445123,138.1054018,
36031,E2020100081111,長野県長野市,二条生活改善センター,長野県長野市戸隠豊岡1226-5,1,,,36.70642873,138.0866096,
36032,E2020100082111,長野県長野市,馬場生活改善センター,長野県長野市戸隠豊岡1521-2,1,,,36.703834391231,138.09082707403,
36033,E2020100083111,長野県長野市,長野市立戸隠小学校,長野県長野市戸隠豊岡1531,1,,,36.703384738599,138.08894581942,
36034,E2020100084111,長野県長野市,中央生活改善センター,長野県長野市戸隠豊岡1533-7,1,,,36.702891736253,138.0884929241,
36035,E2020100085111,長野県長野市,戸隠農村環境改善センター,長野県長野市戸隠豊岡1550-1,1,,,36.70224152,138.0888516,
36036,E2020100086111,長野県長野市,和沢生活改善センター,長野県長野市戸隠豊岡2251-4,1,,,36.70279426,138.0918455,
36037,E2020100087111,長野県長野市,中村公会堂,長野県長野市戸隠豊岡2488,1,,,36.70233287,138.0955909,
36038,E2020100088111,長野県長野市,長野市立戸隠中学校,長野県長野市戸隠豊岡2960,1,,,36.699767466096,138.09367817691,
36039,E2020100089111,長野県長野市,横道公会堂,長野県長野市戸隠豊岡3146-3,1,,,36.69637807,138.0882011,
36040,E2020100090111,長野県長野市,上楡木生活改善センター,長野県長野市戸隠豊岡3301-4,1,,,36.6949993,138.0870097,
36041,E2020100091111,長野県長野市,原生活改善センター,長野県長野市戸隠豊岡336-4,1,,,36.70880959,138.0957503,
36042,E2020100092111,長野県長野市,東原生活改善センター,長野県長野市戸隠豊岡4166,1,,,36.6889934,138.0960709,
36043,E2020100093111,長野県長野市,猿丸生活改善センター,長野県長野市戸隠豊岡4494-1,1,,,36.68371521,138.0966942,
36044,E2020100094111,長野県長野市,川下生活改善センター,長野県長野市戸隠豊岡4785,1,,,36.67175894,138.0981954,
36045,E2020100095111,長野県長野市,川手区活性化支援センター（川手記念館）,長野県長野市戸隠豊岡6054-2,1,,,36.67531833,138.078288,
36046,E2020100096111,長野県長野市,日照田生活改善センター,長野県長野市戸隠豊岡6087-2,1,,,36.67674743,138.0790325,
36047,E2020100097111,長野県長野市,折橋公会堂,長野県長野市戸隠豊岡6985,1,,,36.68865331,138.0800015,
36048,E2020100098111,長野県長野市,下楠川生活改善センター,長野県長野市戸隠豊岡7541,1,,,36.707270689693,138.07669183253,
36049,E2020100100111,長野県長野市,西部区活性化促進センター,長野県長野市戸隠豊岡8254,1,,,36.70142472,138.072794,
36050,E2020100101111,長野県長野市,奈良尾公会堂,長野県長野市戸隠豊岡9027,1,,,36.69922728,138.0715833,
36051,E2020100099111,長野県長野市,尾上生活改善センター,長野県長野市戸隠豊岡７７９－イ,1,,,36.711099308361,138.08847760657,
36052,E2020100102111,長野県長野市,母袋公会堂,長野県長野市戸隠豊岡９４７３－ロ,1,,,36.70079928,138.0661213,
36053,E2020100107111,長野県長野市,長野市立三本柳小学校,長野県長野市三本柳東2-1,1,,,36.618650592884,138.1664791756,
36054,E2020100108111,長野県長野市,長野市立城東小学校,長野県長野市三輪6-14-30,1,,,36.657176134923,138.19814495574,
36055,E2020100109111,長野県長野市,長野市立三輪小学校,長野県長野市三輪8-3-2,1,,,36.662501738917,138.20280585051,
36056,E2020100110111,長野県長野市,三輪体育館,長野県長野市三輪8-43-17,1,,,36.66460555,138.19686111,
36057,E2020100111111,長野県長野市,長野県立大学三輪キャンパス,長野県長野市三輪8-49-7,1,,,36.665966,138.200529,
36058,E2020100113111,長野県長野市,教育支援センターＳａＳａＬＡＮＤ,長野県長野市七二会己14-4,1,,,36.61119488,138.0831126,
36059,E2020100114111,長野県長野市,長野市立七二会小学校,長野県長野市七二会丁220,1,,,36.627593064791,138.078740995,
36060,E2020100115111,長野県長野市,旧七二会中学校,長野県長野市七二会丁227,1,,,36.628943858528,138.07912216792,
36061,E2020100116111,長野県長野市,長野市立塩崎小学校,長野県長野市篠ノ井塩崎3333,1,,,36.55102733,138.1155528,
36062,E2020100117111,長野県長野市,塩崎体育館,長野県長野市篠ノ井塩崎5268,1,,,36.557570268589,138.11765160112,
36063,E2020100118111,長野県長野市,篠ノ井体育館,長野県長野市篠ノ井岡田2059-1,1,,,36.58597356,138.1308477,
36064,E2020100121111,長野県長野市,長野市立通明小学校,長野県長野市篠ノ井御幣川270,1,,,36.57200787,138.1383125,
36065,E2020100123111,長野県長野市,篠ノ井村山健康スポーツセンター,長野県長野市篠ノ井山布施8282,1,,,36.61554332,138.0955615,
36066,E2020100124111,長野県長野市,小松原体育館,長野県長野市篠ノ井小松原1056-2,1,,,36.614312765537,138.13577951673,
36067,E2020100126111,長野県長野市,長野市立共和小学校,長野県長野市篠ノ井小松原600,1,,,36.60045156,138.1361585,
36068,E2020100128111,長野県長野市,長野市立篠ノ井東中学校,長野県長野市篠ノ井小森840,1,,,36.571686636285,138.15699430885,
36069,E2020100129111,長野県長野市,長野市立篠ノ井東小学校,長野県長野市篠ノ井東福寺1538,1,,,36.57936078,138.1777269,
36070,E2020100131111,長野県長野市,南長野運動公園,長野県長野市篠ノ井東福寺320,1,,,36.5805352,138.167282,
36071,E2020100132111,長野県長野市,長野市立篠ノ井西小学校,長野県長野市篠ノ井二ツ柳488,1,,,36.57241001,138.1255606,
36072,E2020100133111,長野県長野市,長野市立篠ノ井西中学校,長野県長野市篠ノ井布施五明380,1,,,36.57708136,138.1326258,
36073,E2020100134111,長野県長野市,長野県篠ノ井高等学校,長野県長野市篠ノ井布施高田1161-2,1,,,36.583320570077,138.14157173853,
36074,E2020100136111,長野県長野市,長野市立信里小学校,長野県長野市篠ノ井有旅3692,1,,,36.59023192,138.1020254,
36075,E2020100139111,長野県長野市,長野市立川田小学校,長野県長野市若穂川田2020,1,,,36.603729432944,138.24100599894,
36076,E2020100141111,長野県長野市,長野市立若穂中学校,長野県長野市若穂川田503,1,,,36.605167960933,138.25085878854,
36077,E2020100142111,長野県長野市,長野市立保科小学校,長野県長野市若穂保科2646,1,,,36.58718263,138.2655248,
36078,E2020100143111,長野県長野市,長野市立綿内小学校,長野県長野市若穂綿内6656,1,,,36.622081986999,138.26157171262,
36079,E2020100147111,長野県長野市,長野市立寺尾小学校,長野県長野市松代町柴260,1,,,36.59226352,138.1994812,
36080,E2020100148111,長野県長野市,長野市立松代小学校,長野県長野市松代町松代205-1,1,,,36.56375193,138.1952094,
36081,E2020100149111,長野県長野市,長野市立松代中学校,長野県長野市松代町松代207,1,,,36.568676510741,138.19909917864,
36082,E2020100151111,長野県長野市,旧清野小学校,長野県長野市松代町清野64,1,,,36.56233963,138.1743128,
36083,E2020100153111,長野県長野市,松代体育館,長野県長野市松代町西条3838,1,,,36.5530522,138.2027866,
36084,E2020100154111,長野県長野市,長野市立西条小学校,長野県長野市松代町西条4,1,,,36.549017456438,138.1993366411,
36085,E2020100155111,長野県長野市,長野県松代高等学校,長野県長野市松代町西条4065,1,,,36.55456747,138.2055017,
36086,E2020100156111,長野県長野市,長野県農業大学校,長野県長野市松代町大室3700,1,,,36.584390802589,138.22142618249,
36087,E2020100157111,長野県長野市,長野市立東条小学校,長野県長野市松代町東条2427,1,,,36.56234944,138.2127257,
36088,E2020100158111,長野県長野市,長野市立豊栄小学校,長野県長野市松代町豊栄2787,1,,,36.54297827,138.2303289,
36089,E2020100160111,長野県長野市,長野市立湯谷小学校,長野県長野市上松4-28-38,1,,,36.674693114131,138.2026341602,
36090,E2020100162111,長野県長野市,昭和の森公園フィットネスセンター,長野県長野市上野2-120-13,1,,,36.68537499,138.23486666,
36091,E2020100163111,長野県長野市,長野市信更公民館分室（／星空の郷たかの）,長野県長野市信更町高野1590,1,,,36.54874024,138.0348477,
36092,E2020100163112,長野県長野市,星空の郷たかの（／信更公民館分室）,長野県長野市信更町高野1590,1,,,36.54874024,138.0348477,
36093,E2020100164111,長野県長野市,旧更府小学校,長野県長野市信更町上尾2200,1,,,36.581312519507,138.05660537056,
36094,E2020100165111,長野県長野市,旧信更小学校,長野県長野市信更町田野口1082,1,,,36.56288404,138.0770267,
36095,E2020100166111,長野県長野市,長野市立信更中学校,長野県長野市信更町氷ノ田3273,1,,,36.57117459,138.0683003,
36096,E2020100167111,長野県長野市,本村公民館,長野県長野市信州新町越道1111,1,,,36.59654173,137.99857,
36097,E2020100168111,長野県長野市,万福寺,長野県長野市信州新町越道477,1,,,36.59260610174,138.00149083753,
36098,E2020100169111,長野県長野市,長野県篠ノ井高等学校犀峡校,長野県長野市信州新町下市場70,1,,,36.56209,137.9935859,
36099,E2020100170111,長野県長野市,下中山生活改善センター,長野県長野市信州新町弘崎1857-1,1,,,36.53981047,137.9883306,
36100,E2020100172111,長野県長野市,枌の木公民館,長野県長野市信州新町山上条3183-2,1,,,36.59595738,138.0156117,
36101,E2020100173111,長野県長野市,峰組公民館,長野県長野市信州新町山上条6400-2,1,,,36.593890503826,138.02388713781,
36102,E2020100171111,長野県長野市,津和コミュニティーセンター,長野県長野市信州新町山上条１３７６－イ,1,,,36.582183218281,137.99982235853,
36103,E2020100174111,長野県長野市,南部構造改善センター,長野県長野市信州新町山穂刈6069-1,1,,,36.57707518,137.9820416,
36104,E2020100176111,長野県長野市,信州新町体育館,長野県長野市信州新町新町1000-1,1,,,36.56755837,138.006694,
36105,E2020100177111,長野県長野市,長野市立信州新町中学校,長野県長野市信州新町新町1006,1,,,36.566089881153,138.0066827584,
36106,E2020100178111,長野県長野市,長野市立信州新町小学校,長野県長野市信州新町新町630-1,1,,,36.571454090381,138.00949168662,
36107,E2020100179111,長野県長野市,水内公民館,長野県長野市信州新町水内3718-2,1,,,36.57730454,138.0481217,
36108,E2020100180111,長野県長野市,竹房交流センター,長野県長野市信州新町竹房1025-1,1,,,36.56559,138.01316,
36109,E2020100181111,長野県長野市,信州新町信州犀川交流センター,長野県長野市信州新町日原西2287,1,,,36.54881800177,137.97431560862,
36110,E2020100182111,長野県長野市,牧郷研修センター,長野県長野市信州新町牧田中2195-3,1,,,36.550443800827,137.99701813738,
36111,E2020100183111,長野県長野市,牧野島公民館,長野県長野市信州新町牧野島167-2,1,,,36.560889112675,138.00055328885,
36112,E2020100184111,長野県長野市,信州新町保育園,長野県長野市信州新町里穂刈423-1,1,,,36.567884575692,138.00178052186,
36113,E2020100185111,長野県長野市,長野市立西部中学校,長野県長野市新諏訪1-4-1,1,,,36.65753298,138.1744533,
36114,E2020100186111,長野県長野市,長野市立真島小学校,長野県長野市真島町真島1425,1,,,36.60624869,138.2088211,
36115,E2020100190111,長野県長野市,長野市立青木島小学校,長野県長野市青木島町大塚1394,1,,,36.61335236,138.1850717,
36116,E2020100191111,長野県長野市,長野市立更北中学校,長野県長野市青木島町大塚51,1,,,36.605031215022,138.19194454457,
36117,E2020100194111,長野県長野市,長野市立川中島中学校,長野県長野市川中島町今井1360,1,,,36.60187784,138.1527932,
36118,E2020100195111,長野県長野市,川中島町公民館,長野県長野市川中島町今井1762-1,1,,,36.599135461277,138.15677532733,
36119,E2020100196111,長野県長野市,長野市立昭和小学校,長野県長野市川中島町今井1865,1,,,36.59175316,138.1533134,
36120,E2020100304121,長野県長野市,サンライズ長野川中島,長野県長野市川中島町今里135-2,,,在宅で人工呼吸器を装着している18歳未満の方等で個別避難計画により市が事前に特定した者,36.603712,138.154533,
36121,E2020100303121,長野県長野市,こすもけあくらぶ,長野県長野市川中島町今里87-6,,,在宅で人工呼吸器を装着している１８歳未満の方等で個別避難計画により市が事前に特定した者,36.603376,138.15611,
36122,E2020100197111,長野県長野市,川中島体育館,長野県長野市川中島町上氷鉋17-1,1,,,36.60479475,138.1555924,
36123,E2020100198111,長野県長野市,長野市立川中島小学校,長野県長野市川中島町上氷鉋172,1,,,36.60953191,138.1521804,
36124,E2020100200111,長野県長野市,長野市立浅川小学校,長野県長野市浅川東条337,1,,,36.68189607,138.2038613,
36125,E2020100201111,長野県長野市,和平地区センター,長野県長野市大岡乙1630,1,,,36.51505998,137.9779741,
36126,E2020100202111,長野県長野市,大岡文化センター（大岡公民館）,長野県長野市大岡乙252-1,1,,,36.50619499,137.9885136,
36127,E2020100203111,長野県長野市,根越地区センター,長野県長野市大岡乙5494,1,,,36.49566086,137.9599432,
36128,E2020100204111,長野県長野市,中部地区センター,長野県長野市大岡乙793-3,1,,,36.50278975,137.9786943,
36129,E2020100206111,長野県長野市,四ヶ村地区センター,長野県長野市大岡甲6945-2,1,,,36.52117947,137.9826812,
36130,E2020100207111,長野県長野市,大岡活性化センター,長野県長野市大岡甲7626-1,1,,,36.51664054,137.991636,
36131,E2020100208111,長野県長野市,中牧地区センター,長野県長野市大岡中牧1172-1,1,,,36.52225069,138.0095338,
36132,E2020100209111,長野県長野市,笹久地区センター,長野県長野市大岡丙3366,1,,,36.47691006363,137.97820498995,
36133,E2020100210111,長野県長野市,芦ノ尻地区センター,長野県長野市大岡丙4080,1,,,36.48826055,137.976013,
36134,E2020100212111,長野県長野市,長野市立安茂里小学校,長野県長野市大字安茂里1158,1,,,36.639036062506,138.17092905553,
36135,E2020100213111,長野県長野市,裾花体育館,長野県長野市大字安茂里1778-1,1,,,36.63680977,138.1724203,
36136,E2020100214111,長野県長野市,長野市立裾花中学校,長野県長野市大字安茂里2069,1,,,36.63378841194,138.17593979262,
36137,E2020100215111,長野県長野市,長野市立古里小学校,長野県長野市大字金箱439-2,1,,,36.67655554,138.2458407,
36138,E2020100216111,長野県長野市,長野市立芹田小学校,長野県長野市大字栗田16-2,1,,,36.633304092094,138.19958998876,
36139,E2020100218121,長野県長野市,清泉大学・清泉大学短期大学部　長野駅東口キャンパス,長野県長野市大字栗田2277,1,,在宅で人工呼吸器を装着している18歳未満の方等で個別避難計画により市が事前に特定した者,36.64327,138.1907,
36140,E2020100219111,長野県長野市,長野市立三陽中学校,長野県長野市大字高田1607,1,,,36.644345749837,138.22652110597,
36141,E2020100220111,長野県長野市,長野市立緑ケ丘小学校,長野県長野市大字高田2281,1,,,36.64066468,138.223369,
36142,E2020100222111,長野県長野市,長野市立古牧小学校,長野県長野市大字高田619-2,1,,,36.647605531754,138.21871816443,
36143,E2020100223111,長野県長野市,長野市立櫻ケ岡中学校,長野県長野市大字高田932,1,,,36.64484659,138.2047019,
36144,E2020100224112,長野県長野市,旧芋井中学校,長野県長野市大字桜600-6,1,,,36.67840468,138.1495097,
36145,E2020100224111,長野県長野市,長野市立芋井小学校,長野県長野市大字桜600-6,1,,,36.67917161,138.1493272,
36146,E2020100225111,長野県長野市,北部スポーツ・レクリエーションパーク,長野県長野市大字三才1981-1,1,,,36.68931944,138.24286666,
36147,E2020100226111,長野県長野市,長野市立柳町中学校,長野県長野市大字三輪1252,1,,,36.65575403,138.1982736,
36148,E2020100227111,長野県長野市,旧小田切小学校（青少年錬成センター分館）,長野県長野市大字山田中2574,1,,,36.644049336481,138.11896284048,
36149,E2020100228111,長野県長野市,長野市立若槻小学校,長野県長野市大字若槻東条810,1,,,36.68614735,138.22453,
36150,E2020100229111,長野県長野市,長野市立柳原小学校,長野県長野市大字小島702,1,,,36.66536758,138.2543443,
36151,E2020100230111,長野県長野市,アソビーバナガノパーク,長野県長野市大字上ケ屋2471-79,1,,,36.701281365741,138.13594264934,
36152,E2020100231111,長野県長野市,長野市立加茂小学校,長野県長野市大字西長野185-6,1,,,36.65751141,138.1764597,
36153,E2020100232111,長野県長野市,長野市立犀陵中学校,長野県長野市大字川合新田202-1,1,,,36.62424863,138.2114259,
36154,E2020100233111,長野県長野市,長野市立東北中学校,長野県長野市大字大町945,1,,,36.67662084,138.2596909,
36155,E2020100234111,長野県長野市,長野市立大豆島小学校,長野県長野市大字大豆島1004-2,1,,,36.63168634,138.2273142,
36156,E2020100235111,長野県長野市,大豆島公民館,長野県長野市大字大豆島1054-1,1,,,36.63136388,138.22532222,
36157,E2020100237111,長野県長野市,大豆島体育館,長野県長野市大字大豆島1144-1,1,,,36.63360555,138.22838611,
36158,E2020100240111,長野県長野市,長野市立山王小学校,長野県長野市大字中御所30-1,1,,,36.646950911962,138.18110705094,
36159,E2020100242111,長野県長野市,長野市立城山小学校,長野県長野市大字長野東之門町404-1,1,,,36.659747853695,138.18910837106,
36160,E2020100243111,長野県長野市,長野市立長沼小学校,長野県長野市大字津野191,1,,,36.68875291,138.2670074,
36161,E2020100244111,長野県長野市,長野市立南部小学校,長野県長野市大字鶴賀550-1,1,,,36.64065717,138.2006671,
36162,E2020100245111,長野県長野市,教育センター,長野県長野市大字鶴賀550-2,1,,,36.64130161918,138.19927389626,
36163,E2020100246111,長野県長野市,長野市立鍋屋田小学校,長野県長野市大字鶴賀上千歳町1365-2,1,,,36.649963857389,138.18951939138,
36164,E2020100250111,長野県長野市,長野市立長野中学校・高等学校,長野県長野市大字徳間1133,1,,,36.6803616,138.2350094,
36165,E2020100251111,長野県長野市,長野市立徳間小学校,長野県長野市大字徳間570,1,,,36.67640238,138.2278137,
36166,E2020100253111,長野県長野市,後町ホール（中部公民館分室）,長野県長野市大字南長野西後町614-1,1,,,36.651829,138.185672,
36167,E2020100254111,長野県長野市,信州大学教育学部附属長野中学校,長野県長野市大字南堀109,1,,,36.663670559803,138.24619462664,
36168,E2020100255111,長野県長野市,信州大学教育学部附属長野小学校,長野県長野市大字南堀77-1,1,,,36.66321111,138.24886388,
36169,E2020100256111,長野県長野市,長野市立芋井小学校第一分校（休校中）,長野県長野市大字入山753,1,,,36.67964066,138.120348,
36170,E2020100258111,長野県長野市,長野市立朝陽小学校,長野県長野市大字北長池1406,1,,,36.65314539,138.2429097,
36171,E2020100260111,長野県長野市,長野市立裾花小学校,長野県長野市中御所5-6-1,1,,,36.63182608378,138.18109033886,
36172,E2020100262111,長野県長野市,中央区分館,長野県長野市中条2105-1,1,,,36.606588128636,138.03005695374,
36173,E2020100263111,長野県長野市,長野市立中条中学校,長野県長野市中条2328,1,,,36.60620039,138.0334792,
36174,E2020100264111,長野県長野市,中条体育館,長野県長野市中条2328-2,1,,,36.606752358813,138.0339353959,
36175,E2020100265111,長野県長野市,長野県長野西高等学校中条校,長野県長野市中条2378-1,1,,,36.60756406,138.034677,
36176,E2020100266111,長野県長野市,中条交流センター,長野県長野市中条2383-1,1,,,36.607065,138.034293,
36177,E2020100267111,長野県長野市,長野市立中条小学校,長野県長野市中条2770,1,,,36.609871669724,138.03167354392,
36178,E2020100268111,長野県長野市,中央区月夜棚生活センター,長野県長野市中条4134-1,1,,,36.613603470173,138.03202299889,
36179,E2020100270111,長野県長野市,田の入公民館,長野県長野市中条御山里4120-1,1,,,36.6268097,138.0192629,
36180,E2020100272111,長野県長野市,伊折区太田公民館,長野県長野市中条御山里7713-1,1,,,36.640591674747,138.01066048639,
36181,E2020100273111,長野県長野市,伊折区新井公民館,長野県長野市中条御山里8947,1,,,36.636145120312,138.00484009282,
36182,E2020100274111,長野県長野市,地京原振興館,長野県長野市中条御山里988-1,1,,,36.634490062442,138.02548171368,
36183,E2020100276111,長野県長野市,峰奈良井生活センター,長野県長野市中条住良木4292,1,,,36.625374761556,138.0060961881,
36184,E2020100278111,長野県長野市,青木農業振興館,長野県長野市中条住良木501,1,,,36.606854375199,138.02245177655,
36185,E2020100279111,長野県長野市,鳥々見生活センター,長野県長野市中条住良木5732-1,1,,,36.61575269,138.0058776,
36186,E2020100280111,長野県長野市,大野生活センター（大野公民館）,長野県長野市中条住良木6903,1,,,36.606487077005,138.00615724541,
36187,E2020100281111,長野県長野市,住良木団地公民館,長野県長野市中条住良木8383-2,1,,,36.605244088198,138.01056612958,
36188,E2020100282111,長野県長野市,田頭生活センター（田頭公民館）,長野県長野市中条住良木8981-1,1,,,36.60712131,138.0130016,
36189,E2020100283111,長野県長野市,里原生活センター,長野県長野市中条住良木9901,1,,,36.6157443,138.0166795,
36190,E2020100277111,長野県長野市,奈良井会館,長野県長野市中条住良木４４６３－イ,1,,,36.619780975157,138.00540555943,
36191,E2020100284111,長野県長野市,念仏寺生活センター,長野県長野市中条日下野3198-3,1,,,36.641247701258,138.05464206722,
36192,E2020100285111,長野県長野市,中条地域振興施設やきもち家,長野県長野市中条日下野5286-1,1,,,36.64329896,138.0389312,
36193,E2020100286111,長野県長野市,中内公民館,長野県長野市中条日下野670-2,1,,,36.62481417,138.0492721,
36194,E2020100287111,長野県長野市,下条生活センター,長野県長野市中条日下野7558,1,,,36.62767187,138.04018,
36195,E2020100288111,長野県長野市,五十里ふれあいセンター,長野県長野市中条日高1529-1,1,,,36.61298018,138.0575034,
36196,E2020100289111,長野県長野市,下長井公民館,長野県長野市中条日高3291-1,1,,,36.60416567,138.0508663,
36197,E2020100290111,長野県長野市,中長井振興館,長野県長野市中条日高3716-2,1,,,36.60703567,138.0450819,
36198,E2020100291111,長野県長野市,中条老人福祉センター,長野県長野市中条日高3964-2,1,,,36.611976910565,138.04076430037,
36199,E2020100292111,長野県長野市,上長井支館（上長井生活センター）,長野県長野市中条日高5637-2,1,,,36.59738236,138.034515,
36200,E2020100296111,長野県長野市,豊野東部地区集会所,長野県長野市豊野町蟹沢2758,1,,,36.72163507,138.304493,
36201,E2020100297111,長野県長野市,長野市立豊野西小学校,長野県長野市豊野町石1880,1,,,36.70890775,138.2632965,
36202,E2020100298111,長野県長野市,長野市立豊野東小学校,長野県長野市豊野町大倉2213,1,,,36.72817618,138.2936054,
36203,E2020100306111,長野県長野市,豊野防災交流センター,長野県長野市豊野町豊野426-28,1,,,36.708659,138.276983,
36204,E2020100300111,長野県長野市,豊野体育館,長野県長野市豊野町豊野624,1,,,36.71231933,138.2816947,
36205,E2020100301111,長野県長野市,長野市立豊野中学校,長野県長野市豊野町豊野814,1,,,36.712741102613,138.2823915478,
76761,E4320300002121,熊本県人吉市,特別養護老人ホーム龍生園,熊本県人吉市下原田町字瓜生田1057-9,,左記の者のうち、要介護者は家族付添い,高齢者（要配慮者）,32.230779713327,130.72016093431,
76762,E4320300034111,熊本県人吉市,中原コミュニティセンター,熊本県人吉市下原田町字荒毛2136,1,,,32.23171569,130.7243576,
76763,E4320300004111,熊本県人吉市,西瀬小学校,熊本県人吉市下戸越町1654-1,1,,,32.206405,130.736667,
76764,E4320300039111,熊本県人吉市,西瀬コミュニティセンター,熊本県人吉市下戸越町1678-1,,,,32.207001,130.73616,
76765,E4320300040121,熊本県人吉市,介護老人保健施設タンポポ,熊本県人吉市下漆田町1538,,,高齢者（要支援・介護認定を受けていない要配慮者）、その他、在宅で一般の避難所での生活では何らかの支障をきたす者（要付添）,32.190651260067,130.79348626089,
76766,E4320300006111,熊本県人吉市,人吉スポーツパレス,熊本県人吉市下城本町1566-1,1,,,32.21811533,130.7391314,
76767,E4320300008111,熊本県人吉市,東間コミュニティセンター,熊本県人吉市蟹作町1531-1,1,,,32.196393130208,130.77540201305,
76768,E4320300009121,熊本県人吉市,人吉市養護老人ホーム延寿荘,熊本県人吉市蟹作町211-1,,左記の者のうち、事前に市が特定し、環境調整を事前に行った者,高齢者（自立度の高い方）,32.193606128572,130.78143554054,
76769,E4320300009122,熊本県人吉市,障害者支援施設うぐいす,熊本県人吉市蟹作町211-1,,,知的障害者及びその家族,32.193247636663,130.78158320801,
76770,E4320300010121,熊本県人吉市,地域密着型特別養護老人ホームアゼリア,熊本県人吉市蟹作町3690,,左記の者のうち、事前に市が特定し、環境調整を事前に行った者,高齢者,32.195192246349,130.77488722577,
76771,E4320300011111,熊本県人吉市,中小企業大学校,熊本県人吉市鬼木町1769-1,1,,,32.230032195857,130.77695855616,
76772,E4320300013121,熊本県人吉市,障がい者支援施設けやき,熊本県人吉市合ノ原町461-2,,,市が特定した者で介助者同伴のみ,32.236021445962,130.74375697569,
76773,E4320300014121,熊本県人吉市,特別養護老人ホーム聖心ホーム,熊本県人吉市寺町9-5,,左記の者のうち、事前に市が特定し、環境調整を事前に行った者,高齢者,32.20686997871,130.76172723239,
76774,E4320300015111,熊本県人吉市,西瀬コミュニティセンター鹿目分館,熊本県人吉市鹿目町2515,1,,,32.19031104,130.6890843,
76775,E4320300016111,熊本県人吉市,人吉東小学校,熊本県人吉市七日町100-1,1,,,32.216283,130.766888,
76776,E4320300018111,熊本県人吉市,第三中学校,熊本県人吉市上田代町2008,1,,,32.16780161,130.8039627,
76777,E4320300019111,熊本県人吉市,第二中学校,熊本県人吉市上林町622,1,,,32.22168798,130.744083,
76778,E4320300021111,熊本県人吉市,球磨工業高校,熊本県人吉市城本町800,1,,,32.219248564488,130.75250332843,
76779,E4320300022111,熊本県人吉市,人吉西小学校,熊本県人吉市城本町873,1,,,32.2193424,130.754518,
76780,E4320300038111,熊本県人吉市,人吉市保健センター,熊本県人吉市西間下町118-1,1,,,32.205734,130.759307,
76781,E4320300038121,熊本県人吉市,人吉市保健センター,熊本県人吉市西間下町118-1,1,,視覚障害者、聴覚障害者,32.20572,130.759309,
76782,E4320300025111,熊本県人吉市,大畑コミュニティセンター,熊本県人吉市大畑町4071-2,1,,,32.16311136,130.8021827,
76783,E4320300026111,熊本県人吉市,大畑小学校,熊本県人吉市大畑町4097,1,,,32.16292151,130.8035476,
76784,E4320300037111,熊本県人吉市,中原小学校,熊本県人吉市中神町字段548,1,,,32.22480555,130.7195342,
76785,E4320300028111,熊本県人吉市,田野活性化センター,熊本県人吉市田野町3392-2,1,,,32.13821225,130.6822905,
76786,E4320300029111,熊本県人吉市,第一中学校,熊本県人吉市土手町36-3,1,,,32.207752,130.759332,
76787,E4320300030111,熊本県人吉市,東間小学校,熊本県人吉市東間下町2683,1,,,32.203725,130.766611,
76788,E4320300031111,熊本県人吉市,人吉商工会議所,熊本県人吉市南泉田町3-3,,,,32.217517274642,130.76122109456,
76789,E4320300032111,熊本県人吉市,人吉高校,熊本県人吉市北泉田町350,1,,,32.22047595833,130.76788229692,
