NO,共通ID,都道府県名及び市町村名,施設・場所名,住所,洪水,崖崩れ、土石流及び地滑り,高潮,地震,津波,大規模な火事,内水氾濫,火山現象,指定避難所との住所同一,緯度,経度,備考
46796,E2020100001201,長野県長野市,長野市立松ヶ丘小学校,長野県長野市安茂里小市2-20-1,1,,,1,,,,,1,36.626755713926,138.14337774222,
46797,E2020100002201,長野県長野市,安茂里体育館,長野県長野市安茂里小市3-27-11,,1,,1,,,,,1,36.622856961504,138.14265615627,
46798,E2020100003201,長野県長野市,長野市立下氷鉋小学校,長野県長野市稲里町下氷鉋50,1,1,,1,,,,,1,36.600740094088,138.17705252191,
46799,E2020100004201,長野県長野市,長野市立広徳中学校,長野県長野市稲里町田牧1355-1,1,1,,1,,,,,1,36.59256568,138.1720717,
46800,E2020100005201,長野県長野市,長野県長野南高等学校,長野県長野市稲里町田牧236-2,1,1,,1,,,,,1,36.59871647,138.177849,
46801,E2020100006201,長野県長野市,長野市立北部中学校,長野県長野市屋敷田389,1,1,,1,,,,,1,36.68208162,138.2126035,
46802,E2020100007201,長野県長野市,美里集会所,長野県長野市鬼無里10817-1,,,,1,,,,,1,36.69444192,138.0083949,
46803,E2020100008201,長野県長野市,小鬼無里公民館,長野県長野市鬼無里11493-3,,,,1,,,,,1,36.68956833,138.0070172,
46804,E2020100009201,長野県長野市,松原公民館,長野県長野市鬼無里12615,1,1,,,,,,,1,36.679319042749,137.99147012908,
46805,E2020100010201,長野県長野市,鬼無里公民館両京分館,長野県長野市鬼無里13994-1,,1,,1,,,,,1,36.68570229,137.9670519,
46806,E2020100011201,長野県長野市,東京公民館,長野県長野市鬼無里14163-1,1,1,,,,,,,1,36.68840059,137.966413,
46807,E2020100012201,長野県長野市,鬼無里屋内運動場,長野県長野市鬼無里147-8,,1,,1,,,,,1,36.67855443,138.004836,
46808,E2020100013201,長野県長野市,鬼無里運動場,長野県長野市鬼無里150,,1,,1,,,,,,36.67956689,138.0040571,
46809,E2020100014201,長野県長野市,鬼無里老人福祉センター,長野県長野市鬼無里160-3,,1,,1,,,,,1,36.680520884045,138.00309110937,
46810,E2020100015201,長野県長野市,鬼無里高齢者生活福祉センター,長野県長野市鬼無里160-4,,1,,1,,,,,1,36.680279963301,138.00348807631,
46811,E2020100017201,長野県長野市,新倉地区公民館,長野県長野市鬼無里2309-1,1,,,1,,,,,1,36.680638399847,138.01352503529,
46812,E2020100018201,長野県長野市,東町公民館,長野県長野市鬼無里2940,1,,,,,,,,1,36.68557343,138.0083933,
46813,E2020100019201,長野県長野市,町区公民館,長野県長野市鬼無里309-3,1,1,,,,,,,1,36.68210095,138.0036527,
46814,E2020100020201,長野県長野市,上新倉公民館,長野県長野市鬼無里3694-2,1,,,,,,,,1,36.68498615,138.015366,
46815,E2020100021201,長野県長野市,大沢集会所,長野県長野市鬼無里4158-1,1,,,1,,,,,1,36.69693827,138.0221338,
46816,E2020100022201,長野県長野市,山大公民館,長野県長野市鬼無里4959-1,1,,,1,,,,,1,36.7020341,138.027489,
46817,E2020100023201,長野県長野市,峯地区公民館,長野県長野市鬼無里5925,1,,,1,,,,,1,36.71507329,138.036326,
46818,E2020100024201,長野県長野市,品沢高原体育館,長野県長野市鬼無里6770-17,1,1,,,,,,,1,36.73297417,138.0365473,
46819,E2020100025201,長野県長野市,上里健康スポーツセンター,長野県長野市鬼無里7395,1,1,,1,,,,,1,36.71205069,138.0219912,
46820,E2020100026201,長野県長野市,鬼無里公民館上里分館,長野県長野市鬼無里7420-1,1,,,1,,,,,1,36.71219239,138.0224126,
46821,E2020100027201,長野県長野市,長野市立鬼無里小学校・鬼無里中学校,長野県長野市鬼無里77,1,1,,1,,,,,1,36.678912482205,138.00475779254,
46822,E2020100030201,長野県長野市,財又公民館,長野県長野市鬼無里9294-1,1,,,,,,,,1,36.70339562,138.0143057,
46823,E2020100028201,長野県長野市,坂屋公民館,長野県長野市鬼無里８６４３－イ,1,,,,,,,,1,36.7076072,138.0187806,
46824,E2020100029201,長野県長野市,新井公民館,長野県長野市鬼無里８８２６－イ,1,,,,,,,,1,36.706314059503,138.01865994687,
46825,E2020100031201,長野県長野市,裾花第一公民館,長野県長野市鬼無里日影10430-7,,1,,1,,,,,1,36.70616689,137.9565294,
46826,E2020100032201,長野県長野市,裾花第二公民館,長野県長野市鬼無里日影11023-3,,,,1,,,,,1,36.7153729,137.9635506,
46827,E2020100033201,長野県長野市,鬼無里活性化センター,長野県長野市鬼無里日影2750-1,,1,,1,,,,,1,36.68018062,138.0015068,
46828,E2020100034201,長野県長野市,中区第一公民館,長野県長野市鬼無里日影3535-1,1,,,1,,,,,1,36.671869061112,137.99628310798,
46829,E2020100035201,長野県長野市,中区第二公民館,長野県長野市鬼無里日影4274,1,,,,,,,,1,36.66992534,137.9935493,
46830,E2020100036201,長野県長野市,中区活性化センター,長野県長野市鬼無里日影4965-2,1,,,1,,,,,1,36.67324623,137.9921455,
46831,E2020100037201,長野県長野市,祖山集会場,長野県長野市鬼無里日影5046-1,1,,,1,,,,,1,36.67392482,137.9900553,
46832,E2020100038201,長野県長野市,共栄公民館,長野県長野市鬼無里日影5954-2,1,1,,,,,,,1,36.68086293,137.9827152,
46833,E2020100039201,長野県長野市,西京公民館,長野県長野市鬼無里日影6745-1,,1,,1,,,,,1,36.68592595,137.9640348,
46834,E2020100040201,長野県長野市,両京健康スポーツセンター,長野県長野市鬼無里日影6831,,,,1,,,,,1,36.685683501606,137.96578309889,
46835,E2020100041201,長野県長野市,田之頭公民館,長野県長野市鬼無里日影8754-2,1,,,1,,,,,1,36.68738976,137.9417464,
46836,E2020100042201,長野県長野市,上平公民館,長野県長野市鬼無里日影891-5,1,,,1,,,,,1,36.673572807774,138.00692519047,
46837,E2020100044201,長野県長野市,長野県長野吉田高等学校第１グラウンド,長野県長野市吉田2-12-9,,1,,1,,,,,,36.67124606,138.2141063,
46838,E2020100045201,長野県長野市,長野市立吉田小学校,長野県長野市吉田3-12-12,,1,,1,,,,,1,36.66936777,138.2216355,
46839,E2020100046201,長野県長野市,長野運動公園,長野県長野市吉田5-1-19,1,1,,1,,1,,,1,36.66090267,138.231284,
46840,E2020100047201,長野県長野市,長野市立東部中学校,長野県長野市桐原2-8-1,1,1,,1,,,,,1,36.664272264942,138.21855771394,
46841,E2020100048201,長野県長野市,長野県長野吉田高等学校戸隠分校,長野県長野市戸隠1491,1,1,,1,,,,,1,36.727691269934,138.07893337817,
46842,E2020100049201,長野県長野市,戸隠交流促進施設（そばの里二番館）,長野県長野市戸隠1584,1,1,,1,,,,,1,36.72748611,138.077,
46843,E2020100050201,長野県長野市,宝光社振興館,長野県長野市戸隠2174-1,1,1,,,,,,,1,36.72935949,138.0769066,
46844,E2020100051201,長野県長野市,戸隠中社公会堂,長野県長野市戸隠3422-1,1,1,,1,,,,,1,36.7388369,138.0852177,
46845,E2020100052201,長野県長野市,越水生活センター,長野県長野市戸隠3648-2,1,1,,1,,,,,1,36.75018601,138.0856121,
46846,E2020100053201,長野県長野市,上楠川文化センター,長野県長野市戸隠870-1,1,,,1,,,,,1,36.72655796,138.0655081,
46847,E2020100054201,長野県長野市,下祖山公民館,長野県長野市戸隠祖山1055-1,1,,,1,,,,,1,36.66898403,138.0884059,
46848,E2020100055201,長野県長野市,下内振興館,長野県長野市戸隠祖山1717-1,1,,,,,,,,1,36.66907899,138.0916987,
46849,E2020100056201,長野県長野市,坪山ふれあいセンター,長野県長野市戸隠祖山2424-3,1,,,1,,,,,1,36.66280592,138.096638,
46850,E2020100057201,長野県長野市,土合生活改善センター,長野県長野市戸隠祖山270-1,1,,,1,,,,,,36.67108991,138.0784117,
46851,E2020100058201,長野県長野市,ふるさとセンター,長野県長野市戸隠祖山31-1,,,,1,,,,,1,36.671983778739,138.07797506529,
46852,E2020100059201,長野県長野市,上組公会堂,長野県長野市戸隠祖山5219-2,1,,,,,,,,1,36.66556082,138.0619148,
46853,E2020100060201,長野県長野市,上祖山振興館,長野県長野市戸隠祖山5704-1,1,,,,,,,,1,36.66736655,138.0578745,
46854,E2020100061201,長野県長野市,西部公会堂,長野県長野市戸隠祖山6999-2,1,,,,,,,,1,36.67014461,138.0503763,
46855,E2020100062201,長野県長野市,今井公会堂,長野県長野市戸隠栃原1162,1,,,,,,,,1,36.69483758,138.0672058,
46856,E2020100063201,長野県長野市,福平生活改善センター,長野県長野市戸隠栃原1912-4,1,1,,1,,,,,1,36.68926501,138.0640566,
46857,E2020100065201,長野県長野市,倉平生活改善センター,長野県長野市戸隠栃原249-1,1,,,1,,,,,1,36.68491381,138.0767191,
46858,E2020100066201,長野県長野市,平多目的集会所,長野県長野市戸隠栃原2549-1,1,1,,,,,,,1,36.68679675,138.0690556,
46859,E2020100067201,長野県長野市,解藁神社（町組集会所）,長野県長野市戸隠栃原2710-1,1,1,,,,,,,1,36.68845278,138.0714509,
46860,E2020100068201,長野県長野市,清水集会所,長野県長野市戸隠栃原3103-2,1,,,,,,,,1,36.68264369,138.0687154,
46861,E2020100069201,長野県長野市,柵運動場,長野県長野市戸隠栃原3391-2,1,1,,1,,,,,,36.67766265,138.0678898,
46862,E2020100070201,長野県長野市,志垣生活改善センター,長野県長野市戸隠栃原4144-2,1,,,,,,,,1,36.67351577,138.0743339,
46863,E2020100071201,長野県長野市,戸隠体育館,長野県長野市戸隠栃原4788-2,1,1,,1,,,,,1,36.67646743,138.0682019,
46864,E2020100072201,長野県長野市,長野市立戸隠公民館,長野県長野市戸隠栃原4789,1,1,,1,,,,,1,36.67662228,138.0675456,
46865,E2020100073201,長野県長野市,五十土生活改善センター,長野県長野市戸隠栃原5276,1,,,1,,,,,1,36.68570145,138.0625339,
46866,E2020100074201,長野県長野市,笹原公会堂,長野県長野市戸隠栃原5983,1,,,,,,,,1,36.68709884,138.0554293,
46867,E2020100075201,長野県長野市,田頭改善センター,長野県長野市戸隠栃原7084,1,,,,,,,,1,36.68160647,138.0530239,
46868,E2020100076201,長野県長野市,西条公民館,長野県長野市戸隠栃原7532,1,,,,,,,,1,36.68123034,138.0579907,
46869,E2020100077201,長野県長野市,追通生活改善センター,長野県長野市戸隠栃原8868-1,1,,,,,,,,1,36.67455077,138.0533093,
46870,E2020100078201,長野県長野市,戸隠裾花デイサービスセンター,長野県長野市戸隠栃原9246-1,1,,,1,,,,,1,36.67218055,138.04815555,
46871,E2020100064201,長野県長野市,針立組集会所,長野県長野市戸隠栃原２０１９－ロ,1,1,,,,,,,1,36.69151388,138.06822777,
46872,E2020100079201,長野県長野市,中耕生活改善センター,長野県長野市戸隠豊岡10328-1,1,1,,1,,,,,1,36.702178548006,138.10152372357,
46873,E2020100080201,長野県長野市,銚子口生活改善センター,長野県長野市戸隠豊岡10392-4,1,1,,1,,,,,1,36.69445123,138.1054018,
46874,E2020100081201,長野県長野市,二条生活改善センター,長野県長野市戸隠豊岡1226-5,1,1,,,,,,,1,36.70642873,138.0866096,
46875,E2020100082201,長野県長野市,馬場生活改善センター,長野県長野市戸隠豊岡1521-2,1,1,,1,,,,,1,36.703834391231,138.09082707403,
46876,E2020100083201,長野県長野市,長野市立戸隠小学校,長野県長野市戸隠豊岡1531,1,1,,1,,,,,1,36.703384738599,138.08894581942,
46877,E2020100084201,長野県長野市,中央生活改善センター,長野県長野市戸隠豊岡1533-7,1,1,,,,,,,1,36.702891736253,138.0884929241,
46878,E2020100085201,長野県長野市,戸隠農村環境改善センター,長野県長野市戸隠豊岡1550-1,1,1,,1,,,,,1,36.70224152,138.0888516,
46879,E2020100086201,長野県長野市,和沢生活改善センター,長野県長野市戸隠豊岡2251-4,1,1,,1,,,,,1,36.70279426,138.0918455,
46880,E2020100087201,長野県長野市,中村公会堂,長野県長野市戸隠豊岡2488,1,1,,,,,,,1,36.70233287,138.0955909,
46881,E2020100088201,長野県長野市,長野市立戸隠中学校,長野県長野市戸隠豊岡2960,1,1,,1,,,,,1,36.699767466096,138.09367817691,
46882,E2020100089201,長野県長野市,横道公会堂,長野県長野市戸隠豊岡3146-3,1,1,,,,,,,1,36.69637807,138.0882011,
46883,E2020100090201,長野県長野市,上楡木生活改善センター,長野県長野市戸隠豊岡3301-4,1,,,1,,,,,1,36.6949993,138.0870097,
46884,E2020100091201,長野県長野市,原生活改善センター,長野県長野市戸隠豊岡336-4,1,1,,1,,,,,1,36.70880959,138.0957503,
46885,E2020100092201,長野県長野市,東原生活改善センター,長野県長野市戸隠豊岡4166,1,1,,1,,,,,1,36.6889934,138.0960709,
46886,E2020100093201,長野県長野市,猿丸生活改善センター,長野県長野市戸隠豊岡4494-1,1,,,1,,,,,1,36.68371521,138.0966942,
46887,E2020100094201,長野県長野市,川下生活改善センター,長野県長野市戸隠豊岡4785,,,,1,,,,,1,36.67175894,138.0981954,
46888,E2020100095201,長野県長野市,川手区活性化支援センター（川手記念館）,長野県長野市戸隠豊岡6054-2,1,,,1,,,,,1,36.67531833,138.078288,
46889,E2020100096201,長野県長野市,日照田生活改善センター,長野県長野市戸隠豊岡6087-2,1,,,1,,,,,1,36.67674743,138.0790325,
46890,E2020100097201,長野県長野市,折橋公会堂,長野県長野市戸隠豊岡6985,1,,,,,,,,1,36.68865331,138.0800015,
46891,E2020100098201,長野県長野市,下楠川生活改善センター,長野県長野市戸隠豊岡7541,1,,,1,,,,,1,36.707270689693,138.07669183253,
46892,E2020100100201,長野県長野市,西部区活性化促進センター,長野県長野市戸隠豊岡8254,1,1,,1,,,,,1,36.70142472,138.072794,
46893,E2020100101201,長野県長野市,奈良尾公会堂,長野県長野市戸隠豊岡9027,1,,,,,,,,1,36.69922728,138.0715833,
46894,E2020100099201,長野県長野市,尾上生活改善センター,長野県長野市戸隠豊岡７７９－イ,1,1,,,,,,,1,36.711099308361,138.08847760657,
46895,E2020100102201,長野県長野市,母袋公会堂,長野県長野市戸隠豊岡９４７３－ロ,1,,,,,,,,1,36.70079928,138.0661213,
46896,E2020100103201,長野県長野市,合戦場公園,長野県長野市合戦場2-17,,1,,1,,,,,,36.58029865,138.1575748,
46897,E2020100104201,長野県長野市,長野県長野工業高等学校,長野県長野市差出南3-9-1,,1,,1,,,,,,36.628175,138.17431111,
46898,E2020100105201,長野県長野市,長野県長野商業高等学校,長野県長野市妻科243,,1,,1,,,,,,36.65545268,138.1763165,
46899,E2020100106201,長野県長野市,三本柳中央公園,長野県長野市三本柳西1-71,,1,,1,,,,,,36.61841111,138.16401388,
46900,E2020100107201,長野県長野市,長野市立三本柳小学校,長野県長野市三本柳東2-1,1,1,,1,,,,,1,36.618650592884,138.1664791756,
46901,E2020100108201,長野県長野市,長野市立城東小学校,長野県長野市三輪6-14-30,1,1,,1,,,,,1,36.657176134923,138.19814495574,
46902,E2020100109201,長野県長野市,長野市立三輪小学校,長野県長野市三輪8-3-2,1,1,,1,,,,,1,36.662501738917,138.20280585051,
46903,E2020100110201,長野県長野市,三輪体育館,長野県長野市三輪8-43-17,1,1,,1,,,,,1,36.66460555,138.19686111,
46904,E2020100111201,長野県長野市,長野県立大学三輪キャンパス,長野県長野市三輪8-49-7,1,1,,1,,,,,1,36.665966,138.200529,
46905,E2020100112201,長野県長野市,美和公園,長野県長野市三輪8-50,1,1,,1,,,,,,36.66617471,138.2022676,
46906,E2020100113201,長野県長野市,教育支援センターＳａＳａＬＡＮＤ,長野県長野市七二会己14-4,,,,1,,,,,1,36.61119488,138.0831126,
46907,E2020100114201,長野県長野市,長野市立七二会小学校,長野県長野市七二会丁220,1,1,,1,,,,,1,36.627593064791,138.078740995,
46908,E2020100115201,長野県長野市,旧七二会中学校,長野県長野市七二会丁227,1,1,,1,,,,,1,36.628943858528,138.07912216792,
46909,E2020100116201,長野県長野市,長野市立塩崎小学校,長野県長野市篠ノ井塩崎3333,,1,,1,,,,,1,36.55102733,138.1155528,
46910,E2020100117201,長野県長野市,塩崎体育館,長野県長野市篠ノ井塩崎5268,,1,,1,,,,,1,36.557570268589,138.11765160112,
46911,E2020100118201,長野県長野市,篠ノ井体育館,長野県長野市篠ノ井岡田2059-1,1,1,,1,,,,,1,36.58597356,138.1308477,
46912,E2020100119201,長野県長野市,篠ノ井中央公園,長野県長野市篠ノ井会716,,1,,1,,,,,,36.5738723,138.1517623,
46913,E2020100120201,長野県長野市,長野俊英高等学校,長野県長野市篠ノ井御幣川1045,,1,,1,,,,,,36.56984053,138.1440856,
46914,E2020100121201,長野県長野市,長野市立通明小学校,長野県長野市篠ノ井御幣川270,,1,,1,,,,,1,36.57200787,138.1383125,
46915,E2020100122201,長野県長野市,篠ノ井支所前,長野県長野市篠ノ井御幣川281-1,,1,,1,,,,,,36.57327777,138.13856944,
46916,E2020100123201,長野県長野市,篠ノ井村山健康スポーツセンター,長野県長野市篠ノ井山布施8282,,,,1,,,,,1,36.61554332,138.0955615,
46917,E2020100124201,長野県長野市,小松原体育館,長野県長野市篠ノ井小松原1056-2,1,1,,1,,,,,1,36.614312765537,138.13577951673,
46918,E2020100125201,長野県長野市,専門学校　長野自動車大学校　北側校庭,長野県長野市篠ノ井小松原2240-1,,,,1,,,,,,36.60032785,138.1303567,
46919,E2020100126201,長野県長野市,長野市立共和小学校,長野県長野市篠ノ井小松原600,1,1,,1,,,,,1,36.60045156,138.1361585,
46920,E2020100127201,長野県長野市,南部勤労青少年ホーム,長野県長野市篠ノ井小森578,,1,,1,,,,,,36.57619859,138.1582871,
46921,E2020100128201,長野県長野市,長野市立篠ノ井東中学校,長野県長野市篠ノ井小森840,,1,,1,,,,,1,36.571686636285,138.15699430885,
46922,E2020100129201,長野県長野市,長野市立篠ノ井東小学校,長野県長野市篠ノ井東福寺1538,,1,,1,,,,,1,36.57936078,138.1777269,
46923,E2020100130201,長野県長野市,長野県消防学校,長野県長野市篠ノ井東福寺2375-1,,1,,1,,,,,,36.57113996,138.175073,
46924,E2020100131201,長野県長野市,南長野運動公園,長野県長野市篠ノ井東福寺320,1,1,,1,,1,,,1,36.5805352,138.167282,
46925,E2020100132201,長野県長野市,長野市立篠ノ井西小学校,長野県長野市篠ノ井二ツ柳488,,1,,1,,,,,1,36.57241001,138.1255606,
46926,E2020100133201,長野県長野市,長野市立篠ノ井西中学校,長野県長野市篠ノ井布施五明380,,1,,1,,,,,1,36.57708136,138.1326258,
46927,E2020100134201,長野県長野市,長野県篠ノ井高等学校,長野県長野市篠ノ井布施高田1161-2,,1,,1,,,,,1,36.583320570077,138.14157173853,
46928,E2020100135201,長野県長野市,長野県更級農業高等学校,長野県長野市篠ノ井布施高田200,,1,,1,,,,,,36.5783193,138.1505445,
46929,E2020100136201,長野県長野市,長野市立信里小学校,長野県長野市篠ノ井有旅3692,1,1,,1,,,,,1,36.59023192,138.1020254,
46930,E2020100139201,長野県長野市,長野市立川田小学校,長野県長野市若穂川田2020,,1,,1,,,,,1,36.603729432944,138.24100599894,
46931,E2020100140201,長野県長野市,若穂中央公園,長野県長野市若穂川田427-1,,1,,1,,,,,,36.606821585459,138.25029016023,
46932,E2020100141201,長野県長野市,長野市立若穂中学校,長野県長野市若穂川田503,1,1,,1,,,,,1,36.605167960933,138.25085878854,
46933,E2020100142201,長野県長野市,長野市立保科小学校,長野県長野市若穂保科2646,1,1,,1,,,,,1,36.58718263,138.2655248,
46934,E2020100143201,長野県長野市,長野市立綿内小学校,長野県長野市若穂綿内6656,,1,,1,,,,,1,36.622081986999,138.26157171262,
46935,E2020100144201,長野県長野市,若里公園,長野県長野市若里1-1-50,,1,,1,,,,,,36.63495212,138.1878044,
46936,E2020100145201,長野県長野市,信州大学工学部運動場,長野県長野市若里4-17-1,,1,,1,,,,,,36.62969851,138.1884666,
46937,E2020100146201,長野県長野市,川中島古戦場史跡公園,長野県長野市小島田町1384-1,,1,,1,,1,,,,36.59027143,138.18795,
46938,E2020100147201,長野県長野市,長野市立寺尾小学校,長野県長野市松代町柴260,,1,,1,,,,,1,36.59226352,138.1994812,
46939,E2020100148201,長野県長野市,長野市立松代小学校,長野県長野市松代町松代205-1,,1,,1,,,,,1,36.56375193,138.1952094,
46940,E2020100149201,長野県長野市,長野市立松代中学校,長野県長野市松代町松代207,,1,,1,,1,,,1,36.568676510741,138.19909917864,
46941,E2020100150201,長野県長野市,松代城公園,長野県長野市松代町松代35,,1,,1,,1,,,,36.56597757,138.1961971,
46942,E2020100151201,長野県長野市,旧清野小学校,長野県長野市松代町清野64,,1,,1,,,,,1,36.56233963,138.1743128,
46943,E2020100152201,長野県長野市,青垣公園,長野県長野市松代町西条3837,,1,,1,,,,,,36.55371666,138.20253333,
46944,E2020100153201,長野県長野市,松代体育館,長野県長野市松代町西条3838,,1,,1,,,,,1,36.5530522,138.2027866,
46945,E2020100154201,長野県長野市,長野市立西条小学校,長野県長野市松代町西条4,1,1,,1,,,,,1,36.549017456438,138.1993366411,
46946,E2020100155201,長野県長野市,長野県松代高等学校,長野県長野市松代町西条4065,1,1,,1,,,,,1,36.55456747,138.2055017,
46947,E2020100156201,長野県長野市,長野県農業大学校,長野県長野市松代町大室3700,1,,,1,,,,,1,36.584390802589,138.22142618249,
46948,E2020100157201,長野県長野市,長野市立東条小学校,長野県長野市松代町東条2427,1,1,,1,,,,,1,36.56234944,138.2127257,
46949,E2020100158201,長野県長野市,長野市立豊栄小学校,長野県長野市松代町豊栄2787,1,1,,1,,,,,1,36.54297827,138.2303289,
46950,E2020100159201,長野県長野市,長野県長野高等学校グラウンド,長野県長野市上松1-16-12,1,1,,1,,,,,,36.66986049,138.1987848,
46951,E2020100160201,長野県長野市,長野市立湯谷小学校,長野県長野市上松4-28-38,1,1,,1,,,,,1,36.674693114131,138.2026341602,
46952,E2020100161201,長野県長野市,文化学園長野中学・高等学校グラウンド,長野県長野市上千田141,,1,,1,,,,,,36.63291706,138.2028106,
46953,E2020100162202,長野県長野市,昭和の森公園フィットネスセンター,長野県長野市上野2-120-13,1,1,,1,,,,,1,36.68537499,138.23486666,
46954,E2020100162201,長野県長野市,昭和の森公園,長野県長野市上野2-120-13,1,1,,1,,1,,,1,36.68532037,138.2352768,
46955,E2020100163201,長野県長野市,長野市信更公民館分室（／星空の郷たかの）,長野県長野市信更町高野1590,1,1,,,,,,,1,36.54874024,138.0348477,
46956,E2020100163202,長野県長野市,星空の郷たかの（／信更公民館分室）,長野県長野市信更町高野1590,1,1,,,,,,,1,36.548722,138.034917,
46957,E2020100164201,長野県長野市,旧更府小学校,長野県長野市信更町上尾2200,1,1,,1,,,,,1,36.581312519507,138.05660537056,
46958,E2020100165201,長野県長野市,旧信更小学校,長野県長野市信更町田野口1082,1,1,,1,,,,,1,36.56288404,138.0770267,
46959,E2020100166201,長野県長野市,長野市立信更中学校,長野県長野市信更町氷ノ田3273,1,1,,1,,,,,1,36.57117459,138.0683003,
46960,E2020100167201,長野県長野市,本村公民館,長野県長野市信州新町越道1111,1,,,,,,,,1,36.59654173,137.99857,
46961,E2020100168201,長野県長野市,万福寺,長野県長野市信州新町越道477,1,1,,,,,,,1,36.59260610174,138.00149083753,
46962,E2020100169201,長野県長野市,長野県篠ノ井高等学校犀峡校,長野県長野市信州新町下市場70,1,1,,1,,,,,1,36.56209,137.9935859,
46963,E2020100170201,長野県長野市,下中山生活改善センター,長野県長野市信州新町弘崎1857-1,1,1,,1,,,,,1,36.53981047,137.9883306,
46964,E2020100172201,長野県長野市,枌の木公民館,長野県長野市信州新町山上条3183-2,1,,,,,,,,1,36.59595738,138.0156117,
46965,E2020100173201,長野県長野市,峰組公民館,長野県長野市信州新町山上条6400-2,1,1,,,,,,,1,36.593890503826,138.02388713781,
46966,E2020100171201,長野県長野市,津和コミュニティーセンター,長野県長野市信州新町山上条１３７６－イ,,,,1,,,,,1,36.582183218281,137.99982235853,
46967,E2020100174201,長野県長野市,南部構造改善センター,長野県長野市信州新町山穂刈6069-1,1,,,1,,,,,1,36.57707518,137.9820416,
46968,E2020100175201,長野県長野市,信級公民館,長野県長野市信州新町信級1261,1,,,,,,,,,36.55315302,137.9422869,
46969,E2020100176202,長野県長野市,信州新町体育館,長野県長野市信州新町新町1000-1,,1,,1,,,,,1,36.56755837,138.006694,
46970,E2020100176201,長野県長野市,信州新町運動場,長野県長野市信州新町新町1000-1,,,,1,,1,,,1,36.56744722,138.00761944,
46971,E2020100177201,長野県長野市,長野市立信州新町中学校,長野県長野市信州新町新町1006,,1,,1,,1,,,1,36.566089881153,138.0066827584,
46972,E2020100178201,長野県長野市,長野市立信州新町小学校,長野県長野市信州新町新町630-1,,1,,1,,,,,1,36.571454090381,138.00949168662,
46973,E2020100179201,長野県長野市,水内公民館,長野県長野市信州新町水内3718-2,1,,,,,,,,1,36.57730454,138.0481217,
46974,E2020100180201,長野県長野市,竹房交流センター,長野県長野市信州新町竹房1025-1,1,,,1,,,,,1,36.56559,138.01316,
46975,E2020100181201,長野県長野市,信州新町信州犀川交流センター,長野県長野市信州新町日原西2287,,1,,1,,,,,1,36.54881800177,137.97431560862,
46976,E2020100182201,長野県長野市,牧郷研修センター,長野県長野市信州新町牧田中2195-3,1,1,,1,,,,,1,36.550443800827,137.99701813738,
46977,E2020100183201,長野県長野市,牧野島公民館,長野県長野市信州新町牧野島167-2,1,1,,,,,,,1,36.560889112675,138.00055328885,
46978,E2020100184201,長野県長野市,信州新町保育園,長野県長野市信州新町里穂刈423-1,1,,,1,,,,,1,36.567884575692,138.00178052186,
46979,E2020100185201,長野県長野市,長野市立西部中学校,長野県長野市新諏訪1-4-1,1,1,,1,,,,,1,36.65753298,138.1744533,
46980,E2020100186201,長野県長野市,長野市立真島小学校,長野県長野市真島町真島1425,,1,,1,,,,,1,36.60624869,138.2088211,
46981,E2020100187201,長野県長野市,アクアパル千曲運動広場,長野県長野市真島町川合1060-1,,1,,1,,,,,,36.61113901,138.2211184,
46982,E2020100188201,長野県長野市,信州大学教育学部グラウンド,長野県長野市西長野６の口,,1,,1,,,,,,36.65736035,138.1798011,
46983,E2020100189201,長野県長野市,和田公園,長野県長野市西和田2-26-1,,1,,1,,,,,,36.65746885,138.2164804,
46984,E2020100190201,長野県長野市,長野市立青木島小学校,長野県長野市青木島町大塚1394,1,1,,1,,,,,1,36.61335236,138.1850717,
46985,E2020100191201,長野県長野市,長野市立更北中学校,長野県長野市青木島町大塚51,,1,,1,,,,,1,36.605031215022,138.19194454457,
46986,E2020100192201,長野県長野市,ドリームモータースクール昭和,長野県長野市川中島町原639,,1,,1,,,,,,36.5837814,138.1510771,
46987,E2020100193201,長野県長野市,御厨公園,長野県長野市川中島町御厨562,,1,,1,,,,,,36.59326132,138.1629957,
46988,E2020100194201,長野県長野市,長野市立川中島中学校,長野県長野市川中島町今井1360,1,1,,1,,,,,1,36.60187784,138.1527932,
46989,E2020100195201,長野県長野市,川中島町公民館,長野県長野市川中島町今井1762-1,1,1,,1,,,,,1,36.599135461277,138.15677532733,
46990,E2020100196201,長野県長野市,長野市立昭和小学校,長野県長野市川中島町今井1865,1,1,,1,,,,,1,36.59175316,138.1533134,
46991,E2020100197201,長野県長野市,川中島体育館,長野県長野市川中島町上氷鉋17-1,,1,,1,,,,,1,36.60479475,138.1555924,
46992,E2020100198201,長野県長野市,長野市立川中島小学校,長野県長野市川中島町上氷鉋172,1,1,,1,,,,,1,36.60953191,138.1521804,
46993,E2020100199201,長野県長野市,氷鉋公園,長野県長野市川中島町上氷鉋747-1,,1,,1,,,,,,36.60948631,138.1623168,
46994,E2020100200201,長野県長野市,長野市立浅川小学校,長野県長野市浅川東条337,1,1,,1,,,,,1,36.68189607,138.2038613,
46995,E2020100201201,長野県長野市,和平地区センター,長野県長野市大岡乙1630,1,,,,,,,,1,36.51505998,137.9779741,
46996,E2020100202201,長野県長野市,大岡文化センター（大岡公民館）,長野県長野市大岡乙252-1,1,1,,1,,,,,1,36.50619499,137.9885136,
46997,E2020100203201,長野県長野市,根越地区センター,長野県長野市大岡乙5494,1,,,,,,,,1,36.49566086,137.9599432,
46998,E2020100204201,長野県長野市,中部地区センター,長野県長野市大岡乙793-3,1,1,,,,,,,1,36.50278975,137.9786943,
46999,E2020100205201,長野県長野市,健大岡神社,長野県長野市大岡甲4731,1,1,,1,,,,,,36.532852,137.967196,
47000,E2020100206201,長野県長野市,四ヶ村地区センター,長野県長野市大岡甲6945-2,1,,,,,,,,1,36.52117947,137.9826812,
47001,E2020100207201,長野県長野市,大岡活性化センター,長野県長野市大岡甲7626-1,1,1,,1,,,,,1,36.51664054,137.991636,
47002,E2020100208201,長野県長野市,中牧地区センター,長野県長野市大岡中牧1172-1,1,,,,,,,,1,36.52225069,138.0095338,
47003,E2020100209201,長野県長野市,笹久地区センター,長野県長野市大岡丙3366,1,1,,,,,,,1,36.47691006363,137.97820498995,
47004,E2020100210201,長野県長野市,芦ノ尻地区センター,長野県長野市大岡丙4080,1,1,,,,,,,1,36.48826055,137.976013,
47005,E2020100211201,長野県長野市,犀川緑地,長野県長野市大字安茂里,,,,1,,1,,,,36.624823490301,138.17609799294,
47006,E2020100212201,長野県長野市,長野市立安茂里小学校,長野県長野市大字安茂里1158,1,1,,1,,,,,1,36.639036062506,138.17092905553,
47007,E2020100213201,長野県長野市,裾花体育館,長野県長野市大字安茂里1778-1,1,1,,1,,,,,1,36.63680977,138.1724203,
47008,E2020100214201,長野県長野市,長野市立裾花中学校,長野県長野市大字安茂里2069,1,1,,1,,,,,1,36.63378841194,138.17593979262,
47009,E2020100215201,長野県長野市,長野市立古里小学校,長野県長野市大字金箱439-2,,1,,1,,,,,1,36.67655554,138.2458407,
47010,E2020100216201,長野県長野市,長野市立芹田小学校,長野県長野市大字栗田16-2,1,1,,1,,,,,1,36.633304092094,138.19958998876,
47011,E2020100217201,長野県長野市,長野駅東口公園,長野県長野市大字栗田2121,,1,,1,,,,,,36.64153844516,138.19177601526,
47012,E2020100218201,長野県長野市,清泉大学・清泉大学短期大学部　長野駅東口キャンパス　１階テラス・２階ロビー,長野県長野市大字栗田2277,1,1,,1,,,,,1,36.64327,138.1907,
47013,E2020100305201,長野県長野市,上高田南向塚公園,長野県長野市大字高田1220-1,,1,,1,,,,,,36.639296,138.211629,
47014,E2020100219201,長野県長野市,長野市立三陽中学校,長野県長野市大字高田1607,1,1,,1,,,,,1,36.644345749837,138.22652110597,
47015,E2020100220201,長野県長野市,長野市立緑ケ丘小学校,長野県長野市大字高田2281,1,1,,1,,,,,1,36.64066468,138.223369,
47016,E2020100221201,長野県長野市,三重公園,長野県長野市大字高田487,,1,,1,,,,,,36.65015,138.21250833,
47017,E2020100222201,長野県長野市,長野市立古牧小学校,長野県長野市大字高田619-2,1,1,,1,,,,,1,36.647605531754,138.21871816443,
47018,E2020100223201,長野県長野市,長野市立櫻ケ岡中学校,長野県長野市大字高田932,1,1,,1,,,,,1,36.64484659,138.2047019,
47019,E2020100224201,長野県長野市,長野市立芋井小学校,長野県長野市大字桜600-6,1,,,1,,,,,1,36.67917161,138.1493272,
47020,E2020100224202,長野県長野市,旧芋井中学校,長野県長野市大字桜600-6,1,,,1,,,,,1,36.67840468,138.1495097,
47021,E2020100225201,長野県長野市,北部スポーツ・レクリエーションパーク,長野県長野市大字三才1981-1,1,1,,1,,,,,1,36.68931944,138.24286666,
47022,E2020100226201,長野県長野市,長野市立柳町中学校,長野県長野市大字三輪1252,1,1,,1,,,,,1,36.65575403,138.1982736,
47023,E2020100227201,長野県長野市,旧小田切小学校（青少年錬成センター分館）,長野県長野市大字山田中2574,1,1,,1,,,,,1,36.644049336481,138.11896284048,
47024,E2020100228201,長野県長野市,長野市立若槻小学校,長野県長野市大字若槻東条810,1,,,1,,,,,1,36.686086406009,138.22454626731,
47025,E2020100229201,長野県長野市,長野市立柳原小学校,長野県長野市大字小島702,,1,,1,,,,,1,36.66536758,138.2543443,
47026,E2020100230201,長野県長野市,アソビーバナガノパーク,長野県長野市大字上ケ屋2471-79,1,1,,1,,,,,1,36.701281365741,138.13594264934,
47027,E2020100231201,長野県長野市,長野市立加茂小学校,長野県長野市大字西長野185-6,1,1,,1,,,,,1,36.65751141,138.1764597,
47028,E2020100232201,長野県長野市,長野市立犀陵中学校,長野県長野市大字川合新田202-1,1,1,,1,,,,,1,36.62424863,138.2114259,
47029,E2020100233201,長野県長野市,長野市立東北中学校,長野県長野市大字大町945,,1,,1,,,,,1,36.67662084,138.2596909,
47030,E2020100234201,長野県長野市,長野市立大豆島小学校,長野県長野市大字大豆島1004-2,1,1,,1,,,,,1,36.63168634,138.2273142,
47031,E2020100235201,長野県長野市,大豆島公民館,長野県長野市大字大豆島1054-1,,1,,1,,,,,1,36.63136388,138.22532222,
47032,E2020100236201,長野県長野市,大豆島公園,長野県長野市大字大豆島1063-1,,1,,1,,,,,,36.632318046011,138.22639165075,
47033,E2020100237201,長野県長野市,大豆島体育館,長野県長野市大字大豆島1144-1,,1,,1,,,,,1,36.63360555,138.22838611,
47034,E2020100238201,長野県長野市,長野県長野東高等学校,長野県長野市大字大豆島2743-1,,1,,1,,,,,,36.63921192,138.2443478,
47035,E2020100239201,長野県長野市,東部浄化センター４階会議室,長野県長野市大字大豆島4330,1,,,,,,,,,36.62950280407,138.24090426246,
47036,E2020100240201,長野県長野市,長野市立山王小学校,長野県長野市大字中御所30-1,,1,,1,,,,,1,36.646950911962,138.18110705094,
47037,E2020100241201,長野県長野市,ひまわり公園,長野県長野市大字長野旭町1108-10,,1,,1,,,,,,36.65470572,138.1824138,
47038,E2020100242201,長野県長野市,長野市立城山小学校,長野県長野市大字長野東之門町404-1,1,1,,1,,,,,1,36.659747853695,138.18910837106,
47039,E2020100243201,長野県長野市,長野市立長沼小学校,長野県長野市大字津野191,,1,,1,,,,,1,36.68875291,138.2670074,
47040,E2020100244201,長野県長野市,長野市立南部小学校,長野県長野市大字鶴賀550-1,1,1,,1,,,,,1,36.64065717,138.2006671,
47041,E2020100245201,長野県長野市,教育センター,長野県長野市大字鶴賀550-2,1,1,,1,,,,,1,36.64130161918,138.19927389626,
47042,E2020100246201,長野県長野市,長野市立鍋屋田小学校,長野県長野市大字鶴賀上千歳町1365-2,1,1,,1,,,,,1,36.649963857389,138.18951939138,
47043,E2020100247201,長野県長野市,セントラルスクゥエア,長野県長野市大字鶴賀問御所町1307-1,,1,,1,,,,,,36.65192,138.18772,
47044,E2020100248202,長野県長野市,多目的（防災）広場,長野県長野市大字鶴賀緑町1613,1,1,,1,,,,,,36.648678113735,138.19415542936,
47045,E2020100248201,長野県長野市,長野市芸術館,長野県長野市大字鶴賀緑町1613,1,1,,1,,,,,,36.648523882346,138.1954487128,
47046,E2020100249201,長野県長野市,長野日本大学中学・高等学校第１グラウンド,長野県長野市大字東和田字中道253-3,,1,,1,,,,,,36.65789149,138.2222221,
47047,E2020100250201,長野県長野市,長野市立長野中学校・高等学校,長野県長野市大字徳間1133,,1,,1,,,,,1,36.6803616,138.2350094,
47048,E2020100251201,長野県長野市,長野市立徳間小学校,長野県長野市大字徳間570,1,1,,1,,,,,1,36.67640238,138.2278137,
47049,E2020100252201,長野県長野市,長野工業高等専門学校グラウンド,長野県長野市大字徳間716,,1,,1,,,,,,36.67690333,138.2338947,
47050,E2020100253201,長野県長野市,長野県立大学後町キャンパス運動場,長野県長野市大字南長野西後町614-1,,1,,1,,,,,1,36.652215564092,138.18514545483,
47051,E2020100253202,長野県長野市,後町ホール（中部公民館分室）,長野県長野市大字南長野西後町614-1,,1,,1,,,,,1,36.651829,138.185672,
47052,E2020100254201,長野県長野市,信州大学教育学部附属長野中学校,長野県長野市大字南堀109,,1,,1,,,,,1,36.663670559803,138.24619462664,
47053,E2020100255201,長野県長野市,信州大学教育学部附属長野小学校,長野県長野市大字南堀77-1,,1,,1,,,,,1,36.66321111,138.24886388,
47054,E2020100256201,長野県長野市,長野市立芋井小学校第一分校（休校中）,長野県長野市大字入山753,1,,,1,,,,,1,36.67964066,138.120348,
47055,E2020100257201,長野県長野市,穂保高台避難公園,長野県長野市大字穂保573-1,,1,,1,,,,,,36.68399444,138.26494722,
47056,E2020100258201,長野県長野市,長野市立朝陽小学校,長野県長野市大字北長池1406,,1,,1,,,,,1,36.65314539,138.2429097,
47057,E2020100259201,長野県長野市,長野市オリンピック記念アリーナ　（エムウェーブ）,長野県長野市大字北長池195,1,1,,1,,,,,,36.64132473,138.2407968,
47058,E2020100260201,長野県長野市,長野市立裾花小学校,長野県長野市中御所5-6-1,,1,,1,,,,,1,36.63182608378,138.18109033886,
47059,E2020100261201,長野県長野市,宮遺跡公園,長野県長野市中条2097-1,1,,,1,,,,,,36.60623292,138.0296806,
47060,E2020100262201,長野県長野市,中央区分館,長野県長野市中条2105-1,1,,,,,,,,1,36.606588128636,138.03005695374,
47061,E2020100263201,長野県長野市,長野市立中条中学校,長野県長野市中条2328,1,1,,1,,,,,1,36.60620039,138.0334792,
47062,E2020100264201,長野県長野市,中条体育館,長野県長野市中条2328-2,,1,,1,,,,,1,36.606752358813,138.0339353959,
47063,E2020100265201,長野県長野市,長野県長野西高等学校中条校,長野県長野市中条2378-1,1,1,,1,,,,,1,36.60756406,138.034677,
47064,E2020100266201,長野県長野市,中条交流センター,長野県長野市中条2383-1,1,1,,1,,,,,1,36.607079,138.034277,
47065,E2020100267201,長野県長野市,長野市立中条小学校,長野県長野市中条2770,1,1,,1,,,,,1,36.609871669724,138.03167354392,
47066,E2020100268201,長野県長野市,中央区月夜棚生活センター,長野県長野市中条4134-1,1,,,1,,,,,1,36.613603470173,138.03202299889,
47067,E2020100270201,長野県長野市,田の入公民館,長野県長野市中条御山里4120-1,1,,,,,,,,1,36.6268097,138.0192629,
47068,E2020100271201,長野県長野市,旧御山里小学校,長野県長野市中条御山里6671-1,1,,,1,,,,,,36.63501802,138.0161376,
47069,E2020100272201,長野県長野市,伊折区太田公民館,長野県長野市中条御山里7713-1,1,,,,,,,,1,36.640591674747,138.01066048639,
47070,E2020100273201,長野県長野市,伊折区新井公民館,長野県長野市中条御山里8947,1,,,,,,,,1,36.636145120312,138.00484009282,
47071,E2020100274201,長野県長野市,地京原振興館,長野県長野市中条御山里988-1,1,,,,,,,,1,36.634490062442,138.02548171368,
47072,E2020100275201,長野県長野市,道の駅「中条」ふるさと広場,長野県長野市中条住良木1704,1,,,1,,,,,,36.60375741,138.0156637,
47073,E2020100276201,長野県長野市,峰奈良井生活センター,長野県長野市中条住良木4292,1,,,,,,,,1,36.625374761556,138.0060961881,
47074,E2020100278201,長野県長野市,青木農業振興館,長野県長野市中条住良木501,1,,,,,,,,1,36.606854375199,138.02245177655,
47075,E2020100279201,長野県長野市,鳥々見生活センター,長野県長野市中条住良木5732-1,1,,,1,,,,,1,36.61575269,138.0058776,
47076,E2020100280201,長野県長野市,大野生活センター（大野公民館）,長野県長野市中条住良木6903,1,,,,,,,,1,36.606487077005,138.00615724541,
47077,E2020100281201,長野県長野市,住良木団地公民館,長野県長野市中条住良木8383-2,1,1,,1,,,,,1,36.605244088198,138.01056612958,
47078,E2020100282201,長野県長野市,田頭生活センター（田頭公民館）,長野県長野市中条住良木8981-1,1,,,,,,,,1,36.60712131,138.0130016,
47079,E2020100283201,長野県長野市,里原生活センター,長野県長野市中条住良木9901,1,1,,1,,,,,1,36.6157443,138.0166795,
47080,E2020100277201,長野県長野市,奈良井会館,長野県長野市中条住良木４４６３－イ,1,,,,,,,,1,36.619780975157,138.00540555943,
47081,E2020100284201,長野県長野市,念仏寺生活センター,長野県長野市中条日下野3198-3,1,,,,,,,,1,36.641247701258,138.05464206722,
47082,E2020100285201,長野県長野市,中条地域振興施設やきもち家,長野県長野市中条日下野5286-1,1,,,1,,,,,1,36.64329896,138.0389312,
47083,E2020100286201,長野県長野市,中内公民館,長野県長野市中条日下野670-2,1,,,,,,,,1,36.62481417,138.0492721,
47084,E2020100287201,長野県長野市,下条生活センター,長野県長野市中条日下野7558,1,,,1,,,,,1,36.62767187,138.04018,
47085,E2020100288201,長野県長野市,五十里ふれあいセンター,長野県長野市中条日高1529-1,1,,,1,,,,,1,36.61298018,138.0575034,
47086,E2020100289201,長野県長野市,下長井公民館,長野県長野市中条日高3291-1,1,,,1,,,,,1,36.60416567,138.0508663,
47087,E2020100290201,長野県長野市,中長井振興館,長野県長野市中条日高3716-2,1,1,,,,,,,1,36.60703567,138.0450819,
47088,E2020100291201,長野県長野市,中条老人福祉センター,長野県長野市中条日高3964-2,1,1,,1,,,,,1,36.611976910565,138.04076430037,
47089,E2020100292201,長野県長野市,上長井支館（上長井生活センター）,長野県長野市中条日高5637-2,1,,,,,,,,1,36.59738236,138.034515,
47090,E2020100293201,長野県長野市,県庁本館北側広場（憩いの広場）,長野県長野市南長野字幅下692-2,,1,,1,,,,,,36.65081333,138.1813966,
47091,E2020100294201,長野県長野市,城山公園,長野県長野市箱清水1-7-1,1,1,,1,,1,,,,36.66220757,138.1901898,
47092,E2020100295201,長野県長野市,長野県長野西高等学校,長野県長野市箱清水3-8-5,1,1,,1,,,,,,36.66498565,138.1835511,
47093,E2020100296201,長野県長野市,豊野東部地区集会所,長野県長野市豊野町蟹沢2758,,1,,1,,,,,1,36.72163507,138.304493,
47094,E2020100297201,長野県長野市,長野市立豊野西小学校,長野県長野市豊野町石1880,,1,,1,,,,,1,36.70890775,138.2632965,
47095,E2020100298201,長野県長野市,長野市立豊野東小学校,長野県長野市豊野町大倉2213,1,1,,1,,,,,1,36.72817618,138.2936054,
47096,E2020100306201,長野県長野市,豊野防災交流センター,長野県長野市豊野町豊野426-28,,1,,1,,,,,1,36.708659,138.276983,
47097,E2020100300201,長野県長野市,豊野体育館,長野県長野市豊野町豊野624,,1,,1,,,,,1,36.71231933,138.2816947,
47098,E2020100301201,長野県長野市,長野市立豊野中学校,長野県長野市豊野町豊野814,,1,,1,,,,,1,36.712741102613,138.2823915478,
47099,E2020100302201,長野県長野市,長野県長野盲学校,長野県長野市北尾張部321,1,1,,1,,,,,,36.65635264,138.2387107,
106220,E4320300001201,熊本県人吉市,中原コミュニティセンター,熊本県人吉市下原田町荒毛2136,1,1,1,1,1,1,1,1,,32.23171569,130.7243576,
106221,E4320300034201,熊本県人吉市,中原コミュニティセンター,熊本県人吉市下原田町字荒毛2136,1,1,1,1,1,1,1,1,1,32.23171569,130.7243576,
106222,E4320300004201,熊本県人吉市,西瀬小学校グラウンド,熊本県人吉市下戸越町1654-1,1,1,1,1,1,1,1,1,1,32.205572,130.736632,
106223,E4320300004202,熊本県人吉市,西瀬小学校,熊本県人吉市下戸越町1654-1,1,,1,1,1,1,1,1,1,32.206405,130.736667,
106224,E4320300006201,熊本県人吉市,人吉スポーツパレス,熊本県人吉市下城本町1566-1,1,1,1,1,1,1,1,1,1,32.21811533,130.7391314,
106225,E4320300007201,熊本県人吉市,カルチャーパレス,熊本県人吉市下城本町1578-1,1,1,1,1,1,1,1,1,,32.21621412,130.7395713,
106226,E4320300008202,熊本県人吉市,東間コミュニティセンター,熊本県人吉市蟹作町1531-1,1,1,1,1,1,1,1,1,1,32.19618772,130.7755376,
106227,E4320300008201,熊本県人吉市,川上哲治記念球場,熊本県人吉市蟹作町1531-1,1,1,1,1,1,1,1,1,1,32.197378,130.775517,
106228,E4320300011201,熊本県人吉市,中小企業大学校グラウンド,熊本県人吉市鬼木町1769-1,1,1,1,1,1,1,1,1,1,32.229309,130.777083,
106229,E4320300012201,熊本県人吉市,梢山地区多目的グラウンド,熊本県人吉市鬼木町1769-15,1,1,1,1,1,1,1,1,,32.230209,130.779006,
106230,E4320300015201,熊本県人吉市,西瀬コミュニティセンター鹿目分館,熊本県人吉市鹿目町2515,1,1,1,,1,1,1,1,1,32.19031104,130.6890843,
106231,E4320300016201,熊本県人吉市,人吉東小学校,熊本県人吉市七日町100-1,1,1,1,1,1,1,1,1,1,32.2161696421823,130.766161803001,
106232,E4320300035202,熊本県人吉市,人吉第一市民運動広場,熊本県人吉市上原田町字牛塚1883-1,,1,1,1,1,1,1,1,,32.232907,130.740703,
106233,E4320300018201,熊本県人吉市,第三中学校,熊本県人吉市上田代町2008,1,1,1,1,1,1,1,1,1,32.1678631334136,130.803967450961,
106234,E4320300019201,熊本県人吉市,第二中学校,熊本県人吉市上林町622,1,1,1,1,1,1,1,1,1,32.2220635899078,130.744494472988,
106235,E4320300020201,熊本県人吉市,東西コミュニティセンター,熊本県人吉市城本町1088,,1,1,1,1,1,1,1,,32.21902081,130.7599089,
106236,E4320300021201,熊本県人吉市,球磨工業高校グラウンド,熊本県人吉市城本町800,1,1,1,1,1,1,1,1,1,32.22010185,130.7530179,
106237,E4320300022201,熊本県人吉市,人吉西小学校,熊本県人吉市城本町873,1,1,1,1,1,1,1,1,1,32.2192837416634,130.754454459995,
106238,E4320300038201,熊本県人吉市,人吉市保健センター,熊本県人吉市西間下町118-1,1,1,1,1,1,1,1,1,1,32.205739,130.759317,
106239,E4320300025201,熊本県人吉市,大畑コミュニティセンター,熊本県人吉市大畑町4071-2,1,1,1,1,1,1,1,1,1,32.16311136,130.8021827,
106240,E4320300026201,熊本県人吉市,大畑小学校,熊本県人吉市大畑町4097,1,1,1,1,1,1,1,1,1,32.1627636087486,130.803153047577,
106241,E4320300037201,熊本県人吉市,中原小学校,熊本県人吉市中神町字段548,1,1,1,1,1,1,1,1,1,32.22480555,130.7195342,
106242,E4320300028201,熊本県人吉市,田野活性化センター,熊本県人吉市田野町3392-2,1,1,1,1,1,1,1,1,1,32.13821225,130.6822905,
106243,E4320300029201,熊本県人吉市,第一中学校,熊本県人吉市土手町36-3,1,1,1,1,1,1,1,1,1,32.2079236455698,130.759861988962,
106244,E4320300030202,熊本県人吉市,東間小学校,熊本県人吉市東間下町2683,1,,1,1,1,1,1,1,1,32.203725,130.766611,
106245,E4320300030201,熊本県人吉市,東間小学校グラウンド,熊本県人吉市東間下町2683,1,1,1,1,1,1,1,1,1,32.203079,130.766608,
106246,E4320300032201,熊本県人吉市,人吉高校グラウンド,熊本県人吉市北泉田町350,1,1,1,1,1,1,1,1,1,32.220316,130.769041,
106247,E4320300033201,熊本県人吉市,人吉城跡ふるさと歴史の広場,熊本県人吉市麓町22-1,,1,1,1,1,1,1,1,,32.211099,130.762739,
